date,total_admissions,emergency_visit_count,apparent_temperature_max,temperature_2m_max,apparent_temperature_min,temperature_2m_min
2022-01-01,45,22,68.35316,77.1737,53.28873,57.2837
2022-01-02,48,20,61.148563,67.9037,46.239502,54.8537
2022-01-03,52,19,53.47409,61.4237,44.328888,50.8937
2022-01-04,45,22,52.516087,62.683697,40.101852,47.7437
2022-01-05,52,23,55.05754,62.7737,39.64564,46.6637
2022-01-06,49,24,58.993736,64.843704,40.94557,45.763702
2022-01-07,41,29,62.478893,68.1737,42.69055,48.6437
2022-01-08,43,29,63.785805,69.9737,46.578438,52.9637
2022-01-09,42,24,63.510647,71.6837,48.97943,56.2037
2022-01-10,49,16,68.31832,72.6737,50.703697,58.813698
2022-01-11,53,26,73.36185,76.6337,53.89089,59.1737
2022-01-12,46,39,69.42988,76.9037,55.50827,61.3337
2022-01-13,51,27,68.54085,80.7737,53.51768,58.7237
2022-01-14,51,21,69.72156,76.093704,57.27968,60.2537
2022-01-15,51,25,63.426994,68.5337,51.668373,58.453697
2022-01-16,58,21,66.97939,72.2237,47.865005,53.6837
2022-01-17,46,23,60.76751,61.243702,40.225075,47.383698
2022-01-18,46,23,63.151592,67.4537,40.063503,46.3937
2022-01-19,37,21,60.31072,67.1837,37.71428,49.633698
2022-01-20,48,27,41.237045,50.9837,27.728231,39.8237
2022-01-21,43,24,51.872753,59.0837,34.937218,41.8937
2022-01-22,51,30,62.71684,68.6237,40.510494,47.2937
2022-01-23,57,18,69.275764,74.6537,48.257427,54.7637
2022-01-24,47,22,64.0557,69.8837,49.113194,54.5837
2022-01-25,53,24,65.94579,76.0037,49.12777,58.2737
2022-01-26,52,22,68.80066,74.6537,44.896008,55.9337
2022-01-27,44,25,50.937172,58.993702,37.160248,47.2037
2022-01-28,57,18,53.331814,61.5137,38.401382,44.6837
2022-01-29,42,28,57.11323,64.3937,41.541122,48.1937
2022-01-30,66,22,60.5433,71.1437,46.433094,52.2437
2022-01-31,62,22,63.390205,70.6037,43.884586,54.8537
2022-02-01,39,37,58.287373,63.8537,41.030853,48.2837
2022-02-02,46,27,66.8278,74.7437,47.225876,53.0537
2022-02-03,44,21,71.396645,81.1337,54.39375,62.8637
2022-02-04,55,20,61.84244,69.8837,43.310936,52.7837
2022-02-05,42,22,54.353073,62.0537,39.096275,47.023697
2022-02-06,46,22,56.883343,63.8537,42.28121,47.473698
2022-02-07,48,19,61.741535,67.093704,43.51719,48.6437
2022-02-08,49,24,63.73583,69.8837,42.297047,47.8337
2022-02-09,46,23,65.62069,74.4737,46.313606,54.313698
2022-02-10,43,25,69.887276,77.7137,48.601143,59.6237
2022-02-11,41,31,57.398315,65.5637,41.98876,52.4237
2022-02-12,42,29,52.711742,63.2237,35.597782,46.3937
2022-02-13,59,24,62.107487,67.0037,40.999233,48.8237
2022-02-14,55,24,67.22769,71.593704,44.96554,51.0737
2022-02-15,33,23,72.77032,75.553696,48.336605,56.563698
2022-02-16,53,24,64.77864,72.1337,47.350433,54.6737
2022-02-17,43,26,62.493946,74.3837,43.736202,53.8637
2022-02-18,51,13,65.34416,79.333694,48.475647,61.243702
2022-02-19,51,29,68.64691,75.4637,48.371067,59.8937
2022-02-20,56,18,59.775223,69.7937,40.198334,51.523697
2022-02-21,53,21,66.85158,71.1437,42.471016,49.4537
2022-02-22,52,29,70.47086,76.4537,46.425793,53.2337
2022-02-23,51,26,71.094215,80.9537,50.194984,58.453697
2022-02-24,43,17,78.16699,86.1737,52.00338,61.4237
2022-02-25,50,12,81.09622,84.3737,57.921913,67.5437
2022-02-26,36,29,67.02147,73.6637,49.722176,59.3537
2022-02-27,39,16,68.48524,72.7637,48.536648,55.0337
2022-02-28,47,20,72.61177,77.7137,48.42295,54.4937
2022-03-01,38,16,76.228714,83.6537,53.12777,61.4237
2022-03-02,51,28,75.38051,85.2737,56.12853,65.2037
2022-03-03,40,29,77.5065,85.4537,53.592175,61.1537
2022-03-04,36,29,68.41712,75.2837,47.68712,54.223698
2022-03-05,45,30,76.83511,82.7537,52.8398,56.1137
2022-03-06,60,25,78.196396,88.7837,61.019268,68.083694
2022-03-07,44,19,83.327065,88.6037,61.559425,68.983696
2022-03-08,35,31,78.81304,87.7037,56.311493,63.2237
2022-03-09,49,20,84.95637,95.9837,64.07417,74.1137
2022-03-10,55,18,84.09437,95.0837,63.012104,73.1237
2022-03-11,47,22,78.15972,87.5237,54.82169,60.5237
2022-03-12,47,28,77.944305,87.5237,51.94303,55.4837
2022-03-13,40,21,77.129395,87.1637,55.321342,60.883698
2022-03-14,46,29,83.438354,91.1237,58.437836,71.3237
2022-03-15,68,28,65.31491,72.0437,39.111843,52.9637
2022-03-16,41,32,53.156322,62.3237,32.02586,46.3037
2022-03-17,47,18,66.29986,71.7737,38.821243,47.023697
2022-03-18,58,31,74.74982,78.7037,43.67231,51.3437
2022-03-19,49,27,77.067505,83.9237,50.296623,59.443703
2022-03-20,51,31,78.17048,85.1837,56.167015,65.833694
2022-03-21,49,29,79.590866,88.9637,56.152576,68.083694
2022-03-22,51,26,83.8991,91.1237,63.434048,71.7737
2022-03-23,29,32,84.79739,91.8437,66.81064,73.303696
2022-03-24,34,19,78.03514,82.483696,49.694294,57.6437
2022-03-25,39,23,66.54427,74.5637,46.99009,55.4837
2022-03-26,48,29,66.573586,72.9437,44.032837,52.4237
2022-03-27,54,21,66.518295,74.3837,46.281956,53.5037
2022-03-28,60,32,70.80679,76.5437,44.536446,53.6837
2022-03-29,47,29,77.404045,82.843704,49.932632,56.7437
2022-03-30,49,22,85.56238,89.1437,55.67782,62.3237
2022-03-31,50,23,84.29625,90.763695,60.521873,67.9037
2022-04-01,50,24,85.93599,90.2237,61.745777,67.7237
2022-04-02,47,22,88.17684,92.2037,61.661674,67.3637
2022-04-03,46,16,89.00705,94.7237,64.01272,69.8837
2022-04-04,48,32,87.75365,94.0037,63.819324,70.6037
2022-04-05,52,26,86.27273,92.0237,62.67457,70.6037
2022-04-06,46,39,89.389275,94.54369,64.578354,74.9237
2022-04-07,55,24,88.43747,93.8237,64.56975,73.6637
2022-04-08,43,24,90.52054,95.6237,64.971596,73.843704
2022-04-09,54,25,87.531975,92.383705,63.622555,71.1437
2022-04-10,51,25,90.789795,97.4237,64.454216,69.8837
2022-04-11,46,22,90.75161,98.86369,68.16194,76.9037
2022-04-12,45,30,90.87125,99.2237,73.13012,78.7037
2022-04-13,46,31,89.51418,93.8237,70.08315,76.7237
2022-04-14,40,25,86.47569,91.6637,68.47613,73.483696
2022-04-15,41,26,89.15202,96.1637,60.32811,70.6037
2022-04-16,48,16,84.6051,88.7837,67.38783,71.1437
2022-04-17,51,23,84.882614,88.4237,61.729065,67.1837
2022-04-18,37,26,90.53039,94.0037,61.317204,68.4437
2022-04-19,48,28,92.879684,97.78371,66.68814,75.8237
2022-04-20,48,23,92.60487,98.14369,64.50055,78.343704
2022-04-21,40,30,86.69719,91.6637,68.387566,74.9237
2022-04-22,65,25,83.68244,91.4837,65.738014,71.5037
2022-04-23,60,29,86.748535,94.0037,61.047413,73.6637
2022-04-24,50,22,78.720116,81.9437,55.146984,65.9237
2022-04-25,63,25,84.254555,88.7837,60.22427,68.803696
2022-04-26,43,25,87.8474,92.5637,58.354927,71.5037
2022-04-27,32,25,85.00733,90.763695,54.54694,65.9237
2022-04-28,47,24,87.0766,84.6437,66.54652,68.4437
2022-04-29,43,22,87.1317,93.28371,68.7698,72.583694
2022-04-30,42,33,91.96146,99.04369,69.08812,74.5637
2022-05-01,48,35,88.02845,92.383705,68.50196,75.6437
2022-05-02,42,25,93.98362,95.263695,67.012665,72.9437
2022-05-03,51,16,91.94931,98.86369,69.25934,75.2837
2022-05-04,53,17,94.251816,101.9237,73.920265,84.4637
2022-05-05,33,30,96.68557,101.383705,75.9801,80.3237
2022-05-06,51,23,96.569565,97.9637,69.809425,77.803696
2022-05-07,46,23,86.7411,91.303696,62.99498,71.8637
2022-05-08,47,19,86.18124,88.9637,62.968647,68.983696
2022-05-09,63,25,88.299484,93.28371,64.7052,71.8637
2022-05-10,48,18,94.19386,99.04369,71.26607,77.4437
2022-05-11,53,25,91.10794,95.443695,67.024635,73.843704
2022-05-12,58,23,84.85092,94.54369,66.47508,75.6437
2022-05-13,43,25,78.92503,91.8437,62.26899,71.8637
2022-05-14,58,28,83.52845,93.28371,59.313667,71.6837
2022-05-15,54,21,89.87101,98.86369,66.79591,74.9237
2022-05-16,47,29,93.163925,98.6837,69.869576,77.6237
2022-05-17,57,35,96.58886,100.8437,70.76481,74.7437
2022-05-18,41,32,98.724365,103.9037,73.06734,79.0637
2022-05-19,56,24,98.92937,103.9037,73.72732,78.343704
2022-05-20,53,22,101.25078,105.5237,75.54443,80.8637
2022-05-21,52,25,99.984436,103.7237,72.818726,78.1637
2022-05-22,55,22,100.4742,105.7037,75.092255,82.1237
2022-05-23,56,27,90.15657,94.9037,66.150635,76.3637
2022-05-24,47,19,92.782394,96.1637,67.254456,73.303696
2022-05-25,49,20,95.90804,101.7437,68.86196,75.8237
2022-05-26,41,14,95.12998,100.6637,68.81818,75.6437
2022-05-27,58,22,95.60594,103.1837,70.70268,75.4637
2022-05-28,51,28,98.94741,102.64369,71.52874,77.983696
2022-05-29,46,32,94.57601,102.1037,71.4745,78.1637
2022-05-30,48,24,96.11168,97.9637,72.898705,79.6037
2022-05-31,45,18,93.05595,100.8437,72.74115,79.4237
2022-06-01,37,22,92.62059,100.1237,69.85001,76.1837
2022-06-02,44,30,94.67436,98.6837,73.253265,78.5237
2022-06-03,32,24,95.39479,101.9237,73.73053,79.7837
2022-06-04,47,22,97.08744,103.0037,75.05327,81.4037
2022-06-05,60,23,102.54343,105.7037,78.30707,86.983696
2022-06-06,59,29,100.96768,106.0637,77.02089,83.5637
2022-06-07,55,25,101.235565,106.6037,79.041504,87.8837
2022-06-08,44,23,101.89065,107.3237,77.5303,83.7437
2022-06-09,42,22,101.26155,105.883705,78.59212,84.6437
2022-06-10,49,17,101.903244,105.883705,76.230576,80.6837
2022-06-11,36,21,104.239624,106.0637,75.7044,80.8637
2022-06-12,35,30,100.84292,104.443695,76.73021,82.843704
2022-06-13,50,23,98.762245,104.263695,75.84795,81.7637
2022-06-14,44,30,98.010315,103.0037,75.8162,80.4137
2022-06-15,63,24,98.6011,102.64369,76.29251,80.1437
2022-06-16,57,24,97.72746,104.443695,78.407104,84.1037
2022-06-17,53,28,94.478745,105.1637,77.298134,84.2837
2022-06-18,55,22,100.64366,105.3437,76.19494,84.8237
2022-06-19,50,21,105.55195,109.303696,78.85377,84.8237
2022-06-20,49,21,101.18748,108.04369,82.19705,91.303696
2022-06-21,60,13,103.02275,108.04369,80.7712,86.4437
2022-06-22,57,31,101.66917,107.6837,80.311615,87.8837
2022-06-23,51,32,100.73026,106.0637,79.48695,84.2837
2022-06-24,36,23,104.85132,108.5837,81.46703,86.983696
2022-06-25,57,30,101.10242,108.5837,84.119576,90.0437
2022-06-26,58,21,98.76366,104.263695,77.80441,84.6437
2022-06-27,53,21,96.05581,102.8237,75.06159,80.3237
2022-06-28,49,24,93.938126,103.1837,75.45276,82.6637
2022-06-29,54,17,96.15071,106.0637,76.624695,84.6437
2022-06-30,58,26,101.44152,106.6037,80.85589,87.343704
2022-07-01,39,28,100.251,106.2437,80.705734,88.2437
2022-07-02,46,23,99.35304,102.8237,78.738914,85.5437
2022-07-03,50,26,97.092224,102.4637,77.667946,84.4637
2022-07-04,41,21,96.875854,103.0037,78.81037,85.0037
2022-07-05,54,22,93.32094,102.1037,76.51573,84.6437
2022-07-06,42,30,95.129944,102.64369,76.59974,84.2837
2022-07-07,46,15,95.743515,104.0837,78.77334,86.263695
2022-07-08,51,32,94.96186,105.3437,78.54532,86.983696
2022-07-09,48,22,95.723976,103.1837,80.17734,85.7237
2022-07-10,64,24,93.7881,103.9037,76.484566,86.803696
2022-07-11,47,18,91.43463,102.1037,73.15776,84.4637
2022-07-12,56,20,95.944016,103.36369,75.57904,84.8237
2022-07-13,42,22,97.78636,105.3437,76.96135,86.4437
2022-07-14,39,25,95.58006,106.2437,78.689735,85.5437
2022-07-15,37,22,98.069954,105.3437,76.44466,85.9037
2022-07-16,47,24,99.99849,104.803696,76.73446,86.4437
2022-07-17,43,27,101.72409,105.883705,81.98117,85.0037
2022-07-18,56,26,98.64975,106.9637,83.36656,87.7037
2022-07-19,33,19,100.98799,109.1237,81.66376,89.6837
2022-07-20,49,19,98.8675,108.943695,82.35331,87.5237
2022-07-21,54,26,103.998405,109.6637,81.520706,89.86369
2022-07-22,63,16,103.50825,108.2237,84.92901,86.6237
2022-07-23,34,23,104.45042,108.4037,83.10397,87.1637
2022-07-24,40,25,107.18306,109.1237,82.71225,88.6037
2022-07-25,50,21,100.13474,103.9037,79.07083,83.3837
2022-07-26,49,30,97.78951,103.1837,79.736374,84.1037
2022-07-27,53,31,92.97482,98.14369,80.00479,85.9037
2022-07-28,49,25,98.31759,102.4637,82.88674,84.4637
2022-07-29,50,31,103.324875,102.1037,87.115685,84.6437
2022-07-30,53,17,103.0061,97.9637,75.336624,75.4637
2022-07-31,53,36,94.79454,93.8237,72.909134,75.8237
2022-08-01,47,27,100.70079,97.6037,89.16887,85.9037
2022-08-02,45,22,103.65505,103.0037,90.339874,87.8837
2022-08-03,60,22,104.168236,104.0837,90.6102,90.0437
2022-08-04,38,21,105.87257,106.9637,88.26616,89.6837
2022-08-05,40,30,104.02198,109.1237,86.55797,90.4037
2022-08-06,50,31,106.15238,110.7437,87.743034,92.9237
2022-08-07,47,14,105.778854,109.303696,83.55724,89.86369
2022-08-08,57,20,101.67253,107.86369,88.50688,92.383705
2022-08-09,42,18,100.099655,108.763695,81.83262,89.86369
2022-08-10,45,27,100.1482,108.763695,80.84114,89.86369
2022-08-11,48,28,96.57225,106.4237,78.72858,87.5237
2022-08-12,46,24,96.63727,106.9637,79.028534,88.2437
2022-08-13,53,26,97.584885,104.6237,79.14001,87.5237
2022-08-14,48,18,101.18373,105.5237,82.36532,86.803696
2022-08-15,47,29,99.47153,104.9837,81.102974,85.9037
2022-08-16,36,20,99.21792,105.7037,79.58292,88.2437
2022-08-17,60,25,101.27187,106.6037,78.900444,87.7037
2022-08-18,56,29,101.52547,107.6837,81.088104,89.5037
2022-08-19,40,24,102.21004,108.2237,82.53929,89.1437
2022-08-20,52,30,102.41831,107.86369,82.57054,88.4237
2022-08-21,50,29,101.00709,106.4237,85.23573,89.5037
2022-08-22,54,22,100.59447,105.7037,82.06483,85.7237
2022-08-23,59,22,100.61246,102.28371,79.87668,83.9237
2022-08-24,43,31,96.94412,101.5637,79.01771,83.2037
2022-08-25,44,23,97.420944,100.6637,79.579155,83.2037
2022-08-26,48,21,95.06361,100.6637,77.81207,81.4037
2022-08-27,48,30,96.75711,101.2037,76.541336,80.5037
2022-08-28,43,25,94.63755,100.6637,74.67695,80.1437
2022-08-29,40,26,95.33113,101.5637,76.456276,83.3837
2022-08-30,51,22,94.07785,97.78371,74.38763,79.0637
2022-08-31,47,23,94.16807,98.6837,76.7345,80.5037
2022-09-01,50,24,94.73326,99.763695,76.60444,81.4037
2022-09-02,53,26,96.21086,101.7437,77.25267,81.9437
2022-09-03,31,20,96.03321,102.28371,78.23005,82.1237
2022-09-04,52,25,99.069534,104.443695,79.307365,85.0037
2022-09-05,50,22,98.798454,103.9037,77.691055,83.2037
2022-09-06,48,21,98.612434,103.7237,76.47928,81.7637
2022-09-07,38,21,97.46175,101.383705,75.47743,83.9237
2022-09-08,60,30,98.10324,102.64369,77.06519,81.4037
2022-09-09,50,23,99.283226,103.1837,80.163315,82.483696
2022-09-10,43,26,96.49898,102.1037,79.254105,81.7637
2022-09-11,52,28,99.55942,103.7237,78.21336,84.2837
2022-09-12,55,23,100.7686,104.263695,78.01013,84.2837
2022-09-13,48,24,101.23428,104.6237,76.85191,82.6637
2022-09-14,55,32,93.62775,101.2037,75.72987,79.9637
2022-09-15,43,27,96.54673,100.1237,74.887726,80.1437
2022-09-16,60,25,99.09688,100.6637,74.971565,78.1637
2022-09-17,52,18,98.20924,101.9237,75.08409,79.2437
2022-09-18,59,22,97.57317,101.7437,74.92071,79.7837
2022-09-19,45,26,95.71173,100.1237,72.113,76.7237
2022-09-20,41,26,94.37676,97.6037,72.45562,76.3637
2022-09-21,36,34,93.700096,98.86369,74.87252,80.6837
2022-09-22,51,22,94.6014,99.5837,74.332184,82.1237
2022-09-23,60,20,91.41522,97.0637,73.022705,79.4237
2022-09-24,40,19,83.65459,92.5637,66.39132,74.9237
2022-09-25,48,24,84.83217,93.4637,66.66466,74.0237
2022-09-26,51,29,86.86418,94.7237,68.35681,74.5637
2022-09-27,43,25,88.315025,94.54369,66.80172,73.1237
2022-09-28,60,25,90.071815,94.9037,68.527504,73.843704
2022-09-29,58,28,86.53552,91.1237,65.278885,71.6837
2022-09-30,51,24,88.07495,93.28371,65.183426,70.7837
2022-10-01,47,29,87.92903,93.64369,68.13485,72.4037
2022-10-02,37,36,88.63566,94.1837,67.174706,72.583694
2022-10-03,41,29,89.113625,93.64369,68.95541,72.4037
2022-10-04,48,20,88.268234,91.7537,68.30217,72.2237
2022-10-05,45,17,88.0126,93.4637,67.914055,72.583694
2022-10-06,48,20,89.65979,94.1837,67.92139,72.8537
2022-10-07,38,32,88.03054,94.0937,68.07837,73.303696
2022-10-08,40,24,85.07047,91.2137,66.681854,72.7637
2022-10-09,49,25,86.76458,92.0237,67.2762,72.583694
2022-10-10,47,35,85.41959,91.8437,66.37977,72.7637
2022-10-11,38,25,82.747665,89.6837,65.80829,71.6837
2022-10-12,44,29,82.98134,89.1437,65.469955,69.343704
2022-10-13,40,20,81.62813,87.0737,64.29675,67.7237
2022-10-14,41,29,85.73582,89.1437,66.43713,71.8637
2022-10-15,59,17,83.877815,89.4137,66.965485,73.6637
2022-10-16,40,23,83.059006,88.6937,65.801216,72.4037
2022-10-17,56,20,84.34872,89.5037,64.21054,69.343704
2022-10-18,54,23,85.22391,89.7737,64.10766,69.8837
2022-10-19,49,26,85.399475,89.593704,64.662,71.5037
2022-10-20,56,22,81.88304,89.053696,65.35281,72.9437
2022-10-21,55,24,80.82359,87.8837,64.36047,70.1537
2022-10-22,53,30,82.53454,88.0637,65.37632,71.6837
2022-10-23,51,22,84.55973,88.6937,64.97644,71.1437
2022-10-24,52,25,84.01731,89.053696,64.00261,69.7937
2022-10-25,53,26,81.57598,87.0737,62.073814,67.9037
2022-10-26,54,23,81.36085,86.3537,61.7309,66.6437
2022-10-27,46,26,82.73047,88.0637,63.506516,70.8737
2022-10-28,46,15,83.83887,88.0637,63.03005,70.5137
2022-10-29,52,31,83.26391,87.8837,63.26554,70.7837
2022-10-30,34,34,80.6306,87.61369,63.37712,70.4237
2022-10-31,50,19,82.41252,88.333694,64.51125,71.3237
2022-11-01,49,23,79.73191,86.6237,63.670174,69.5237
2022-11-02,46,25,80.66449,87.2537,63.262894,70.6037
2022-11-03,46,21,76.440216,79.1537,63.47085,63.403698
2022-11-04,49,32,77.307076,81.2237,62.079227,64.5737
2022-11-05,46,40,80.54107,87.0737,62.321068,67.093704
2022-11-06,50,16,79.392654,87.1637,63.981777,71.1437
2022-11-07,53,25,77.91607,87.7937,63.94756,69.9737
2022-11-08,49,22,80.98457,88.6037,62.514893,71.3237
2022-11-09,46,23,76.47233,86.083694,60.23584,70.9637
2022-11-10,54,25,75.06213,84.2837,59.2082,69.9737
2022-11-11,38,18,75.39611,82.7537,62.564713,67.9937
2022-11-12,48,33,80.380394,83.4737,64.53516,68.4437
2022-11-13,57,30,77.07059,82.9337,61.034515,64.483696
2022-11-14,49,17,75.09103,83.1137,61.634773,68.5337
2022-11-15,51,17,76.48535,83.5241,61.06835,66.553696
2022-11-16,40,15,76.72999,84.1541,67.62865,71.8241
2022-11-17,55,26,81.5743,85.7741,65.862366,70.0241
2022-11-18,58,17,74.32333,76.5941,59.724113,62.5541
2022-11-19,53,23,68.00815,72.9041,56.786438,59.7641
2022-11-20,52,21,70.653984,75.2441,52.663437,56.794098
2022-11-21,45,31,73.54263,76.6841,53.75088,57.8741
2022-11-22,40,27,76.20705,77.7641,53.312286,57.7841
2022-11-23,56,26,67.19366,76.2341,57.859436,62.3741
2022-11-24,48,18,72.60096,79.0241,61.380966,66.7841
2022-11-25,41,30,76.83133,81.364105,64.7913,67.144104
2022-11-26,36,23,78.70354,81.4541,60.932507,63.814102
2022-11-27,45,27,73.672165,80.1941,59.31998,63.3641
2022-11-28,47,21,71.697945,78.1241,59.913292,63.3641
2022-11-29,52,18,72.310486,78.3041,60.204533,63.0941
2022-11-30,51,27,76.64299,80.2841,61.212135,64.1741
2022-12-01,45,27,74.446045,79.2941,58.56407,62.014103
2022-12-02,59,26,73.74774,80.5541,58.662926,62.7341
2022-12-03,47,18,73.33711,79.7441,58.00948,61.5641
2022-12-04,47,28,72.22399,79.2941,62.91256,67.3241
2022-12-05,54,28,74.018906,78.5741,62.20615,66.2441
2022-12-06,55,30,74.662766,78.754105,61.814873,64.7141
2022-12-07,49,24,69.56968,72.1841,58.15303,57.6041
2022-12-08,40,27,61.486534,64.5341,53.275517,58.864098
2022-12-09,39,22,56.504868,58.4141,48.051617,52.6541
2022-12-10,48,24,58.734535,63.1841,47.708984,50.044098
2022-12-11,51,28,60.725403,66.6041,50.205486,53.4641
2022-12-12,57,14,67.286255,72.9941,53.720737,57.8741
2022-12-13,35,16,69.16423,74.614105,55.095154,59.6741
2022-12-14,53,25,72.18399,76.5941,56.210773,59.5841
2022-12-15,47,20,69.43915,74.7041,59.57363,62.104103
2022-12-16,48,23,63.768913,67.144104,56.064922,56.2541
2022-12-17,53,24,66.6863,67.9541,52.829197,54.0041
2022-12-18,38,24,64.42774,67.504105,50.390533,52.114098
2022-12-19,53,27,67.045395,70.114105,45.26222,49.6841
2022-12-20,37,31,64.47344,69.394104,44.23327,49.4141
2022-12-21,51,32,66.83228,73.8041,48.55675,54.364098
2022-12-22,38,23,60.93328,70.3841,52.391876,59.6741
2022-12-23,43,26,67.02983,70.7441,55.556282,58.3241
2022-12-24,49,31,62.127316,66.0641,48.311974,50.9441
2022-12-25,47,23,61.34849,67.4141,49.14424,53.4641
2022-12-26,40,24,60.270596,68.0441,47.07679,51.4841
2022-12-27,43,22,51.482765,58.7741,38.878384,46.8041
2022-12-28,44,23,53.115746,58.864098,38.8356,42.4841
2022-12-29,51,24,47.827995,52.024097,43.70629,47.4341
2022-12-30,52,13,54.07895,56.4341,44.690422,47.4341
2022-12-31,53,21,55.504105,59.0441,47.582413,50.2241
2023-01-01,40,30,53.59835,55.9841,48.350567,49.774097
2023-01-02,43,19,57.547512,60.6641,49.47867,52.294098
2023-01-03,41,13,59.641293,62.5541,48.512383,53.1041
2023-01-04,39,28,65.18204,63.0941,53.37062,54.9041
2023-01-05,50,20,53.102516,54.0941,47.749214,49.864098
2023-01-06,42,13,58.657513,59.1341,48.060333,49.4141
2023-01-07,52,24,56.449997,58.3241,50.4667,51.8441
2023-01-08,56,27,59.375954,62.9141,51.841885,53.1941
2023-01-09,48,18,59.06883,61.3841,44.88761,50.8541
2023-01-10,53,34,45.715637,50.8541,39.35677,45.5441
2023-01-11,51,31,48.43737,54.9941,44.00754,47.7041
2023-01-12,39,22,58.26766,61.3841,44.761524,48.0641
2023-01-13,44,20,55.964096,61.8341,50.479565,53.1941
2023-01-14,38,17,71.0238,70.6541,54.928646,55.6241
2023-01-15,55,26,62.323845,65.3441,57.014484,56.794098
2023-01-16,49,31,64.42324,69.6641,47.29822,52.6541
2023-01-17,38,19,52.404263,57.9641,42.51055,47.3441
2023-01-18,50,27,54.88468,60.1241,38.73094,44.2841
2023-01-19,63,22,58.281998,61.654102,41.895195,45.5441
2023-01-20,38,32,61.460346,65.7041,46.147526,49.5041
2023-01-21,50,25,62.254185,68.0441,48.687023,52.5641
2023-01-22,45,24,60.36292,64.8041,51.466393,54.8141
2023-01-23,62,21,56.320232,61.4741,52.15798,54.8141
2023-01-24,41,30,53.65331,56.9741,50.59022,53.6441
2023-01-25,58,25,59.335365,61.654102,48.271297,52.5641
2023-01-26,44,25,54.632088,57.9641,45.90324,49.9541
2023-01-27,43,23,57.95577,59.1341,42.46826,45.5441
2023-01-28,44,36,62.326973,65.614105,42.28617,46.4441
2023-01-29,53,21,63.610565,69.6641,46.58791,50.9441
2023-01-30,53,25,71.91839,77.5841,52.058266,57.9641
2023-01-31,46,21,73.92123,76.144104,59.883,65.7941
2023-02-01,44,20,67.01557,72.9941,52.90772,57.7841
2023-02-02,56,26,52.310078,60.1241,45.658577,52.294098
2023-02-03,44,19,59.285164,65.7941,45.019444,49.5041
2023-02-04,52,27,70.848465,74.3441,52.192715,55.5341
2023-02-05,45,21,73.07852,79.8341,54.52156,60.8441
2023-02-06,61,30,71.03898,76.2341,58.317833,63.814102
2023-02-07,53,24,72.413765,73.9841,50.69603,56.794098
2023-02-08,48,22,53.710056,60.3941,44.014412,48.9641
2023-02-09,43,26,53.830887,62.7341,41.144493,47.3441
2023-02-10,39,33,62.707027,71.3741,47.216537,52.4741
2023-02-11,41,29,72.48906,81.2741,51.79614,60.3041
2023-02-12,35,24,66.96359,72.9041,52.035683,58.3241
2023-02-13,40,37,70.263016,74.8841,48.14582,50.8541
2023-02-14,53,22,78.41556,82.1741,61.689262,64.6241
2023-02-15,44,24,60.949806,63.7241,42.752216,51.8441
2023-02-16,40,23,51.62863,61.4741,39.197216,47.524097
2023-02-17,42,25,51.64405,60.2141,38.160103,47.614098
2023-02-18,46,17,56.55808,64.3541,43.202393,49.1441
2023-02-19,44,26,64.43802,68.8541,44.42673,50.1341
2023-02-20,40,27,70.57899,77.9441,46.61373,52.6541
2023-02-21,39,27,78.643074,82.2641,50.401905,57.3341
2023-02-22,44,27,74.07028,82.9841,58.025215,65.4341
2023-02-23,46,21,78.10514,83.1641,57.352303,64.4441
2023-02-24,41,24,74.65382,82.7141,58.126904,62.6441
2023-02-25,51,25,82.90355,87.9341,64.3137,70.7441
2023-02-26,62,29,82.13965,83.974106,65.40039,66.5141
2023-02-27,48,18,68.67033,75.7841,57.653595,58.954098
2023-02-28,50,30,67.061005,71.644104,55.277103,58.0541
2023-03-01,52,19,73.026825,76.6841,51.70142,56.1641
2023-03-02,50,24,72.149704,79.6541,56.640015,62.8241
2023-03-03,46,26,77.29357,84.244095,58.677105,64.1741
2023-03-04,51,28,78.64275,85.864105,64.14171,69.8441
2023-03-05,52,31,76.26761,85.5941,62.547882,70.8341
2023-03-06,30,26,77.592476,86.76411,62.986645,72.8141
2023-03-07,50,24,76.556885,86.8541,62.88991,72.4541
2023-03-08,55,31,78.585526,87.4841,66.04353,74.3441
2023-03-09,45,23,74.78534,79.9241,56.18649,61.8341
2023-03-10,60,15,68.27997,74.5241,54.415833,57.8741
2023-03-11,39,22,68.64688,74.7041,56.968002,61.5641
2023-03-12,34,24,73.70797,75.2441,57.478615,62.2841
2023-03-13,56,13,78.149315,78.1241,65.002396,62.2841
2023-03-14,47,16,77.11311,82.0841,66.554504,67.6841
2023-03-15,49,20,73.2687,77.6741,59.40044,63.0941
2023-03-16,37,13,73.40043,76.5941,56.348053,60.4841
2023-03-17,32,24,71.32516,77.3141,59.090523,65.7041
2023-03-18,54,16,75.05338,80.5541,62.768044,64.0841
2023-03-19,47,22,75.45559,80.9141,57.003494,62.3741
2023-03-20,42,24,69.77403,74.8841,52.489178,59.6741
2023-03-21,49,19,72.32568,75.8741,54.920303,58.864098
2023-03-22,52,29,74.8636,77.4041,52.956932,57.0641
2023-03-23,49,31,70.45141,76.9541,57.03255,61.744102
2023-03-24,57,28,70.53461,82.5341,58.206673,65.5241
2023-03-25,49,24,78.06508,80.4641,58.407433,64.7141
2023-03-26,39,23,80.13002,81.7241,60.032413,59.4041
2023-03-27,46,25,79.541336,79.5641,61.04486,61.4741
2023-03-28,46,25,79.52928,82.1741,59.558907,63.3641
2023-03-29,52,22,81.6829,86.8541,60.517403,65.7941
2023-03-30,58,30,81.664246,87.574104,58.57708,68.0441
2023-03-31,50,30,67.22031,73.8041,49.481983,57.6941
2023-04-01,58,20,64.68397,70.4741,49.424995,57.5141
2023-04-02,51,27,68.322014,75.9641,51.532677,56.524097
2023-04-03,56,22,78.174515,80.9141,54.22574,60.1241
2023-04-04,42,29,83.03721,84.7841,57.378494,62.9141
2023-04-05,50,20,81.81239,86.9441,61.449257,67.2341
2023-04-06,58,22,73.298805,82.0841,62.669502,70.6541
2023-04-07,64,17,73.06685,75.4241,60.177788,65.8841
2023-04-08,38,23,79.13126,83.614105,58.25666,61.3841
2023-04-09,40,28,80.52204,85.9541,61.84086,67.3241
2023-04-10,50,24,82.85343,87.754105,65.9807,68.3141
2023-04-11,49,22,87.79136,92.974106,71.112404,73.8041
2023-04-12,41,20,90.677826,85.9541,64.6991,67.2341
2023-04-13,35,29,74.746925,73.4441,58.82549,60.2141
2023-04-14,49,16,74.670654,76.864105,58.303764,61.3841
2023-04-15,38,27,78.01159,75.5141,59.504932,60.8441
2023-04-16,46,13,75.17,74.9741,68.144585,65.1641
2023-04-17,57,26,85.74284,79.8341,64.48839,63.5441
2023-04-18,42,18,77.546906,74.254105,65.48303,64.8041
2023-04-19,54,23,83.16323,81.364105,65.05912,63.814102
2023-04-20,43,17,85.534096,86.1341,63.66933,64.6241
2023-04-21,48,29,87.94658,85.324104,66.79256,69.1241
2023-04-22,44,23,86.62957,87.0341,69.573105,70.2941
2023-04-23,41,24,89.30237,90.0941,70.36525,72.4541
2023-04-24,35,21,88.747696,89.2841,70.33498,73.8041
2023-04-25,39,25,82.669464,82.7141,69.09778,68.0441
2023-04-26,60,28,89.15095,87.754105,65.9323,65.4341
2023-04-27,49,29,85.53966,87.3941,69.49791,72.1841
2023-04-28,53,30,88.55825,91.8941,70.24153,72.5441
2023-04-29,39,21,93.58228,95.9441,66.485405,71.1941
2023-04-30,34,25,90.91585,93.964096,68.71635,73.894104
2023-05-01,52,26,82.826035,89.4641,66.167786,71.7341
2023-05-02,46,19,85.1057,90.634094,64.649445,70.9241
2023-05-03,51,31,87.47954,91.8941,69.63614,74.8841
2023-05-04,55,24,89.37046,92.6141,65.0709,69.9341
2023-05-05,59,34,93.65081,97.384094,71.89169,76.9541
2023-05-06,47,20,95.47923,100.2641,75.61365,82.0841
2023-05-07,45,31,97.18233,101.704094,75.57515,80.4641
2023-05-08,50,18,93.62675,100.714096,77.8183,83.4341
2023-05-09,59,21,92.66762,99.0941,77.21478,80.644104
2023-05-10,46,27,94.4176,100.08409,77.17872,84.8741
2023-05-11,49,28,97.57314,101.1641,78.7888,84.7841
2023-05-12,47,16,98.8317,102.964096,81.44571,87.1241
2023-05-13,55,28,95.95316,100.08409,78.75265,83.8841
2023-05-14,48,21,90.42874,95.9441,74.64301,78.1241
2023-05-15,60,22,95.397354,100.1741,74.88452,80.2841
2023-05-16,46,18,94.773964,100.98409,74.754456,83.4341
2023-05-17,58,20,93.62949,98.284096,77.40318,81.1841
2023-05-18,51,21,91.65645,97.0241,66.38322,74.7941
2023-05-19,44,19,92.191185,97.384094,74.61726,79.8341
2023-05-20,50,27,95.160965,96.8441,76.99758,81.9041
2023-05-21,52,25,96.55868,98.73409,74.03165,76.4141
2023-05-22,41,26,96.016304,97.2941,80.811325,84.51411
2023-05-23,44,24,95.74664,97.83409,80.150375,83.7941
2023-05-24,43,19,97.453476,97.204094,76.29669,81.9941
2023-05-25,46,24,100.41091,99.8141,76.133865,80.7341
2023-05-26,58,18,97.99801,100.6241,81.08802,82.3541
2023-05-27,56,21,99.653786,102.33409,80.8837,84.0641
2023-05-28,57,25,101.600365,101.884094,84.1243,85.1441
2023-05-29,42,28,97.6972,96.9341,82.00081,84.0641
2023-05-30,38,34,99.49622,97.0241,70.695,76.5941
2023-05-31,54,20,102.83705,99.634094,82.19841,83.4341
2023-06-01,49,23,100.127846,98.73409,83.761086,82.2641
2023-06-02,75,20,93.334854,98.9141,78.01461,83.254105
2023-06-03,48,27,95.00078,100.354095,80.01926,83.7041
2023-06-04,35,20,98.53006,100.80409,82.19745,85.324104
2023-06-05,44,22,98.12595,101.074104,80.72777,84.7841
2023-06-06,53,23,101.86311,102.244095,80.75848,84.6041
2023-06-07,58,29,100.12178,104.224106,83.256,86.5841
2023-06-08,44,25,95.92389,102.5141,77.89932,84.6941
2023-06-09,49,26,101.64842,104.3141,81.008224,85.0541
2023-06-10,50,20,104.44373,106.9241,82.804985,87.9341
2023-06-11,38,20,101.78233,106.0241,85.09406,90.634094
2023-06-12,28,34,101.92378,105.8441,85.13145,90.5441
2023-06-13,50,14,96.174095,102.244095,77.547264,85.5941
2023-06-14,42,42,99.46755,106.0241,78.61826,83.0741
2023-06-15,40,22,97.22655,103.954094,81.43403,88.0241
2023-06-16,52,20,97.39066,101.704094,79.33105,83.254105
2023-06-17,47,35,93.27378,101.2541,78.77043,84.1541
2023-06-18,57,32,96.71764,102.8741,81.94159,86.4041
2023-06-19,40,30,95.45274,103.05409,81.57315,86.0441
2023-06-20,62,28,97.67242,104.6741,78.74107,83.614105
2023-06-21,58,19,102.685265,104.134094,81.817604,85.9541
2023-06-22,48,24,102.73502,105.8441,83.02434,87.3941
2023-06-23,46,20,99.98656,107.6441,84.56536,89.824104
2023-06-24,41,25,103.03007,108.1841,87.015076,90.8141
2023-06-25,54,18,101.28749,106.0241,84.44176,88.6541
2023-06-26,43,20,100.924576,106.204094,85.39132,89.824104
2023-06-27,43,20,103.71502,106.6541,81.16414,85.5941
2023-06-28,51,22,101.23071,106.83409,80.118996,85.864105
2023-06-29,52,17,103.681885,107.464096,81.02518,86.9441
2023-06-30,37,21,104.41155,108.5441,83.13715,88.8341
2023-07-01,42,23,107.39209,109.98409,82.67274,87.574104
2023-07-02,47,22,101.496704,106.0241,81.57805,86.4041
2023-07-03,43,18,105.123375,106.384094,83.07731,87.2141
2023-07-04,41,18,100.31789,105.8441,81.881546,86.494095
2023-07-05,43,25,98.878075,105.574104,80.26314,86.494095
2023-07-06,64,25,101.64986,107.284096,80.076355,86.1341
2023-07-07,52,21,104.30804,109.2641,82.611374,88.474106
2023-07-08,40,20,106.26776,109.4441,84.12138,89.1941
2023-07-09,46,27,106.40655,110.1641,84.08991,88.6541
2023-07-10,50,16,109.4998,110.4341,82.46061,87.4841
2023-07-11,41,32,101.0259,107.284096,85.821556,89.2841
2023-07-12,53,26,99.21477,105.574104,84.681046,89.4641
2023-07-13,56,28,96.3449,104.494095,82.07941,90.0041
2023-07-14,53,27,101.6711,108.5441,82.340744,89.3741
2023-07-15,51,18,102.94239,108.0041,85.25782,90.634094
2023-07-16,48,22,107.007935,109.08409,82.324905,88.474106
2023-07-17,49,25,102.59199,110.2541,85.13997,91.4441
2023-07-18,49,27,105.37783,109.80409,87.03136,91.8941
2023-07-19,37,22,107.37386,110.6141,84.9801,90.9041
2023-07-20,43,19,111.85503,112.05409,84.64809,90.0041
2023-07-21,58,23,102.615585,108.0041,85.745224,90.724106
2023-07-22,55,21,105.42388,108.0941,87.05359,91.80409
2023-07-23,39,23,106.643326,108.724106,83.355515,89.1041
2023-07-24,54,29,108.835495,109.6241,84.42313,89.9141
2023-07-25,47,28,106.7851,110.1641,86.10674,91.80409
2023-07-26,41,28,104.17578,108.634094,86.135,90.9041
2023-07-27,36,18,110.454155,110.3441,86.617325,90.8141
2023-07-28,48,18,108.52725,109.80409,87.15429,90.8141
2023-07-29,38,22,106.00786,109.08409,87.68051,91.354095
2023-07-30,37,10,105.30737,110.3441,88.00801,91.534096
2023-07-31,61,29,104.95383,110.1641,81.78929,93.6941
2023-08-01,36,19,107.088905,110.3441,85.99883,92.4341
2023-08-02,40,30,107.649185,110.974106,88.84517,93.244095
2023-08-03,38,27,104.14333,108.1841,87.589615,93.1541
2023-08-04,38,29,101.47789,107.1941,84.12828,89.4641
2023-08-05,39,22,102.28391,107.6441,85.1346,90.2741
2023-08-06,48,21,102.18168,107.1941,85.39367,87.754105
2023-08-07,54,25,103.32922,107.73409,85.03209,90.3641
2023-08-08,46,22,101.85862,107.6441,83.53469,89.9141
2023-08-09,46,26,100.66785,107.824104,83.44454,88.9241
2023-08-10,42,31,103.69412,106.744095,82.95784,87.1241
2023-08-11,37,19,102.97308,105.9341,84.4416,89.2841
2023-08-12,38,20,105.18349,105.214096,90.521225,92.3441
2023-08-13,49,22,104.08513,108.724106,87.303566,89.1041
2023-08-14,55,26,104.11293,107.464096,84.27068,87.4841
2023-08-15,34,27,102.34153,106.744095,84.88487,88.0241
2023-08-16,53,25,104.14662,106.1141,87.52036,89.2841
2023-08-17,52,24,103.210785,106.384094,85.74896,89.5541
2023-08-18,53,22,104.7721,105.034096,86.02372,90.0941
2023-08-19,42,22,105.66324,105.3941,86.490036,92.074104
2023-08-20,53,27,100.967125,104.224106,87.59159,90.454094
2023-08-21,52,30,102.673676,104.4041,85.007774,87.66411
2023-08-22,36,26,105.60701,105.8441,82.975075,86.9441
2023-08-23,46,26,105.14104,109.354095,82.04894,87.1241
2023-08-24,51,30,103.20763,109.354095,88.36482,93.4241
2023-08-25,56,22,103.257996,108.1841,83.32017,87.9341
2023-08-26,61,23,104.04298,107.55409,83.563446,87.8441
2023-08-27,49,24,104.5274,108.5441,83.67876,89.824104
2023-08-28,47,22,105.52802,109.534096,87.48748,93.6941
2023-08-29,54,17,98.974815,107.1941,88.78002,93.964096
2023-08-30,49,28,96.15697,102.0641,82.35024,84.7841
2023-08-31,53,25,101.70033,103.5941,82.312195,83.7041
2023-09-01,44,27,99.00267,103.5941,80.08685,83.7941
2023-09-02,50,21,96.62765,100.6241,81.9673,85.5941
2023-09-03,61,14,100.93875,102.0641,78.93331,83.254105
2023-09-04,41,22,106.48165,104.9441,79.44059,83.3441
2023-09-05,46,21,101.653404,106.204094,80.4129,84.6041
2023-09-06,45,24,99.97014,106.2941,84.0345,88.474106
2023-09-07,39,24,102.192856,105.8441,81.60685,87.2141
2023-09-08,48,29,104.83794,105.9341,79.83178,84.6041
2023-09-09,66,27,103.227486,105.6641,81.674034,86.3141
2023-09-10,46,24,100.73026,107.0141,80.7396,86.1341
2023-09-11,43,19,100.12973,105.48409,84.68015,87.574104
2023-09-12,43,26,99.35024,104.58409,82.79361,85.41411
2023-09-13,37,26,100.4889,105.6641,83.07962,87.754105
2023-09-14,44,27,97.26308,103.954094,82.57176,86.4041
2023-09-15,56,23,100.759995,103.8641,78.72433,81.7241
2023-09-16,42,18,103.96184,104.7641,78.04606,82.6241
2023-09-17,54,21,103.59508,105.574104,82.426765,86.494095
2023-09-18,46,23,99.751175,102.6941,80.90988,85.5941
2023-09-19,42,17,92.54988,100.354095,78.3672,82.7141
2023-09-20,60,23,92.99059,99.994095,77.591896,80.8241
2023-09-21,51,32,98.59709,102.8741,75.961464,81.6341
2023-09-22,46,16,95.39714,102.4241,79.16023,84.9641
2023-09-23,49,21,94.04924,100.98409,78.79787,82.6241
2023-09-24,42,12,102.299484,102.8741,75.16295,80.5541
2023-09-25,48,22,100.08254,104.224106,76.75232,82.6241
2023-09-26,46,20,97.05045,99.8141,78.651115,82.6241
2023-09-27,53,20,96.16078,100.1741,77.59675,81.7241
2023-09-28,51,18,98.49194,100.6241,72.97661,78.9341
2023-09-29,39,28,95.96235,100.534096,72.58113,79.3841
2023-09-30,43,28,92.29781,96.034096,74.082,78.394104
2023-10-01,31,15,97.68822,99.5441,70.98266,76.144104
2023-10-02,52,27,100.88945,102.1541,73.53078,79.0241
2023-10-03,54,17,96.19452,100.98409,76.0556,81.364105
2023-10-04,48,20,94.12176,99.454094,77.16838,81.2741
2023-10-05,60,21,94.1491,97.9241,78.94544,79.4741
2023-10-06,54,28,96.57718,100.1741,72.5657,76.6841
2023-10-07,32,20,90.04567,97.5641,74.81024,79.0241
2023-10-08,38,22,95.60292,97.744095,75.74037,77.4941
2023-10-09,41,23,92.71242,95.3141,75.07532,76.9541
2023-10-10,50,21,92.50993,95.58409,71.66897,76.504105
2023-10-11,47,24,93.53957,96.7541,69.74688,75.9641
2023-10-12,40,24,91.38571,96.214096,71.0244,76.864105
2023-10-13,50,20,92.451065,95.7641,76.33012,81.8141
2023-10-14,45,20,94.93858,96.48409,72.626595,77.4041
2023-10-15,54,26,93.296036,96.3941,72.04097,78.2141
2023-10-16,63,21,91.65064,95.9441,69.847435,75.4241
2023-10-17,54,25,85.67979,93.4241,71.93939,76.6841
2023-10-18,45,23,85.697205,91.354095,73.13859,76.5941
2023-10-19,43,28,83.123604,90.3641,72.607025,77.6741
2023-10-20,52,24,87.40281,90.634094,70.61308,74.4341
2023-10-21,47,26,84.959335,90.5441,71.3385,75.0641
2023-10-22,49,19,86.02991,89.6441,70.84619,72.004105
2023-10-23,44,25,84.76765,88.744095,67.41127,70.6541
2023-10-24,55,22,83.12334,87.1241,69.67591,72.8141
2023-10-25,43,27,83.22356,82.894104,68.64676,69.5741
2023-10-26,58,15,84.270584,84.4241,70.267,68.4041
2023-10-27,55,33,83.04314,84.51411,66.36224,68.0441
2023-10-28,43,29,83.48189,83.8841,65.60803,67.864105
2023-10-29,52,25,81.19889,83.254105,68.6977,71.4641
2023-10-30,50,30,83.359146,84.3341,69.479004,70.6541
2023-10-31,51,25,83.48494,84.0641,71.97792,71.3741
2023-11-01,63,27,80.44512,80.4641,71.99483,71.0141
2023-11-02,36,19,84.86543,82.7141,70.24204,67.864105
2023-11-03,59,26,84.97045,84.51411,71.0057,69.2141
2023-11-04,42,21,85.98302,83.254105,71.39841,68.9441
2023-11-05,50,19,82.05982,83.1641,66.54406,66.8741
2023-11-06,55,22,76.53505,82.7141,64.24035,66.6041
2023-11-07,34,17,79.46545,82.8041,59.49851,63.5441
2023-11-08,32,28,80.41849,81.2741,59.899048,63.3641
2023-11-09,53,21,74.67267,78.5741,56.8801,61.2041
2023-11-10,57,23,72.73719,77.1341,61.364113,64.8041
2023-11-11,50,25,79.72087,80.8241,60.01316,63.994102
2023-11-12,55,25,80.35886,80.9141,64.887985,65.8841
2023-11-13,40,30,82.78528,82.9841,66.47075,67.7741
2023-11-14,43,31,75.49336,80.8241,65.979645,69.4841
2023-11-15,53,30,73.794495,75.6041,64.60069,65.7941
2023-11-16,45,18,76.46216,75.3341,63.015606,60.8441
2023-11-17,37,23,78.852394,77.1341,64.99829,62.9141
2023-11-18,45,18,71.81401,77.7641,64.01753,65.3441
2023-11-19,50,17,77.677025,82.8041,63.69061,69.754105
2023-11-20,57,25,80.12588,81.7241,65.50379,66.6941
2023-11-21,48,27,67.70903,72.4541,56.808743,62.2841
2023-11-22,55,21,78.15529,79.3841,56.642086,58.504097
2023-11-23,52,18,78.764915,82.0841,60.534306,65.614105
2023-11-24,38,24,75.70595,77.1341,58.828728,60.1241
2023-11-25,49,29,76.850685,82.8041,63.085766,62.8241
2023-11-26,60,36,80.350685,87.0341,67.17844,69.6641
2023-11-27,51,17,75.38247,78.1241,58.207844,65.7041
2023-11-28,54,26,66.70987,72.5441,55.004555,58.864098
2023-11-29,50,21,74.06846,77.1341,53.14574,56.614098
2023-11-30,50,28,80.0654,81.5441,53.37266,57.6041
2023-12-01,54,17,72.78472,77.5841,52.26333,57.6041
2023-12-02,36,30,71.09096,75.7841,53.98922,58.864098
2023-12-03,47,25,68.0047,74.5241,55.924934,59.7641
2023-12-04,52,26,68.137024,74.254105,50.98054,57.1541
2023-12-05,57,29,71.112816,76.4141,47.398872,54.1841
2023-12-06,41,27,74.28831,78.754105,48.72134,55.5341
2023-12-07,40,34,67.18718,76.3241,50.573483,57.4241
2023-12-08,43,26,68.03728,75.5141,51.234257,58.3241
2023-12-09,44,24,72.09766,76.864105,49.54387,54.6341
2023-12-10,50,19,69.794334,75.5141,51.354607,57.2441
2023-12-11,59,20,67.543526,74.5241,51.92913,57.7841
2023-12-12,49,24,64.12364,71.2841,52.15717,59.0441
2023-12-13,59,19,58.461037,65.614105,48.83051,53.5541
2023-12-14,47,25,57.841164,64.9841,44.632927,49.324097
2023-12-15,43,23,59.000725,66.2441,41.795982,47.8841
2023-12-16,47,22,57.286156,63.4541,41.94258,47.614098
2023-12-17,48,27,62.19694,66.6941,47.629177,50.4041
2023-12-18,52,32,65.23788,68.0441,47.18489,50.044098
2023-12-19,50,30,63.888428,69.5741,44.498642,50.5841
2023-12-20,39,27,67.6973,72.004105,46.939594,51.3941
2023-12-21,36,28,68.70112,74.614105,48.176704,52.8341
2023-12-22,57,29,72.27803,79.2941,59.063084,63.2741
2023-12-23,48,27,70.34188,76.0541,58.764496,62.7341
2023-12-24,58,33,69.21369,76.9541,59.060986,65.0741
2023-12-25,50,24,66.44772,74.0741,56.67923,60.754097
2023-12-26,64,28,68.65796,73.9841,56.167927,57.1541
2023-12-27,57,32,66.68164,73.7141,57.134056,60.3041
2023-12-28,47,28,63.569355,67.9541,55.80825,58.6841
2023-12-29,48,27,60.03505,65.3441,54.354393,56.524097
2023-12-30,54,27,61.982872,65.614105,54.892117,55.4441
2023-12-31,53,33,72.088715,73.3541,54.3881,54.9941
2024-01-01,42,19,68.05957,72.5441,54.874596,56.2541
2024-01-02,50,24,69.909874,74.8841,53.808502,58.3241
2024-01-03,50,20,62.7297,65.4341,51.187653,54.6341
2024-01-04,42,16,67.76979,70.2941,48.461296,51.0341
2024-01-05,49,26,70.60134,72.2741,50.359013,53.4641
2024-01-06,46,17,63.146423,68.5841,48.63445,52.024097
2024-01-07,54,11,61.61785,66.9641,44.096626,48.4241
2024-01-08,35,20,65.34839,70.0241,39.27231,45.5441
2024-01-09,51,23,64.56349,70.3841,40.043373,45.5441
2024-01-10,53,28,61.730442,71.3741,42.07148,49.5041
2024-01-11,50,26,69.83677,77.3141,51.816036,57.7841
2024-01-12,42,27,69.11629,76.9541,50.267918,54.9941
2024-01-13,54,28,71.53232,78.4841,57.404682,63.1841
2024-01-14,51,12,76.83953,81.4541,58.417015,60.8441
2024-01-15,52,27,64.59031,70.6541,51.71806,57.1541
2024-01-16,43,27,59.12674,66.8741,48.72836,53.6441
2024-01-17,43,34,57.254135,64.3541,49.249184,54.8141
2024-01-18,50,20,61.23744,66.9641,45.535084,50.2241
2024-01-19,47,25,65.35274,70.2941,47.51743,52.8341
2024-01-20,49,23,67.12332,71.8241,46.356503,51.7541
2024-01-21,50,22,68.45457,76.0541,48.08252,53.7341
2024-01-22,47,27,73.75125,80.2841,51.170372,56.614098
2024-01-23,33,25,74.39633,82.2641,57.710197,62.7341
2024-01-24,60,21,73.83459,81.364105,55.059246,59.5841
2024-01-25,42,26,70.17283,79.2941,55.309944,64.1741
2024-01-26,43,19,65.72074,71.3741,56.540276,60.754097
2024-01-27,51,31,61.95773,69.2141,49.391617,54.0041
2024-01-28,49,20,57.841057,66.9641,48.129944,56.1641
2024-01-29,36,24,75.39025,78.3041,53.21817,59.9441
2024-01-30,49,24,75.27592,79.7441,61.13835,62.2841
2024-01-31,47,23,69.12383,76.6841,51.485313,57.1541
2024-02-01,45,27,53.761818,60.9341,42.182312,49.864098
2024-02-02,51,21,52.11149,60.5741,40.970814,47.1641
2024-02-03,46,34,53.245457,63.3641,41.376774,48.6041
2024-02-04,52,17,60.957603,69.2141,45.222633,53.3741
2024-02-05,58,21,61.65506,67.9541,48.764606,54.9941
2024-02-06,36,27,60.937653,65.7941,45.3708,50.2241
2024-02-07,49,26,58.1267,65.5241,46.348846,52.3841
2024-02-08,54,18,63.308975,69.754105,47.585297,53.1941
2024-02-09,56,17,58.858047,69.394104,50.16336,58.1441
2024-02-10,47,31,66.1049,71.7341,48.729492,55.4441
2024-02-11,64,20,56.703995,60.9341,44.987514,49.774097
2024-02-12,40,31,62.38923,66.6041,46.257652,48.6941
2024-02-13,52,25,65.90242,74.5241,52.68119,56.9741
2024-02-14,39,25,73.634415,81.364105,59.20324,64.8041
2024-02-15,50,32,83.566895,89.2841,66.076775,74.4341
2024-02-16,53,28,77.424866,76.4141,55.543846,62.2841
2024-02-17,49,27,60.84693,67.5941,49.945152,54.7241
2024-02-18,43,24,64.403046,70.6541,47.656837,52.5641
2024-02-19,46,29,75.0508,79.2941,51.923096,58.3241
2024-02-20,43,26,63.205227,70.9241,49.380913,54.544098
2024-02-21,55,24,66.08116,73.9841,52.885464,58.5941
2024-02-22,42,23,72.759056,80.0141,54.69908,60.8441
2024-02-23,54,15,78.97953,86.76411,60.586937,66.9641
2024-02-24,51,29,69.3307,77.0441,51.881832,59.7641
2024-02-25,51,19,63.46572,69.1241,45.757507,50.5841
2024-02-26,49,22,68.82726,75.6041,48.949078,53.1941
2024-02-27,50,19,72.662575,80.1041,49.619843,56.794098
2024-02-28,44,23,58.431225,65.0741,44.648987,51.574097
2024-02-29,42,25,59.51641,64.2641,40.202633,48.1541
2024-03-01,62,17,71.270584,76.2341,41.460247,49.1441
2024-03-02,56,21,71.125854,80.4641,50.45872,59.2241
2024-03-03,50,15,71.83995,76.864105,59.291298,64.894104
2024-03-04,48,22,63.132504,72.004105,52.707623,58.1441
2024-03-05,42,21,61.87891,71.3741,52.26059,59.1341
2024-03-06,49,15,73.270905,80.8241,54.11254,62.014103
2024-03-07,47,20,77.963394,81.8141,59.681736,63.2741
2024-03-08,40,27,72.6293,76.4141,56.138256,59.6741
2024-03-09,40,28,79.82732,82.2641,53.474846,57.4241
2024-03-10,44,31,78.780685,88.0241,59.66712,67.6841
2024-03-11,52,15,67.82823,74.0741,53.795803,60.754097
2024-03-12,59,24,72.91699,79.3841,54.258778,58.504097
2024-03-13,54,19,80.12968,85.7741,58.21674,64.8041
2024-03-14,47,21,77.47714,85.6841,61.284805,67.0541
2024-03-15,47,21,87.720795,90.9041,67.43821,69.2141
2024-03-16,53,23,79.38434,81.0941,67.97154,71.0141
2024-03-17,39,23,75.59326,76.5941,66.45715,67.6841
2024-03-18,42,26,72.67006,74.7941,63.37589,68.5841
2024-03-19,66,12,70.80524,75.0641,57.428383,64.1741
2024-03-20,31,28,67.405,73.894104,53.308235,59.4041
2024-03-21,43,25,78.99341,83.1641,55.954067,61.2941
2024-03-22,49,23,79.05528,81.8141,67.2831,66.7841
2024-03-23,53,32,77.33122,80.1041,66.85051,66.2441
2024-03-24,46,27,69.87842,73.5341,52.83662,63.814102
2024-03-25,58,23,69.99604,73.4441,51.425087,55.6241
2024-03-26,61,20,79.60734,78.8441,53.241943,57.2441
2024-03-27,54,25,78.76432,81.4541,57.37254,62.3741
2024-03-28,52,18,73.804306,80.4641,57.959007,62.104103
2024-03-29,52,18,66.62109,76.7741,59.209568,66.4241
2024-03-30,45,23,71.62397,78.9341,56.886265,64.7141
2024-03-31,49,27,80.52236,79.0241,60.612495,60.8441
2024-04-01,37,17,79.4979,78.0341,65.55644,63.3641
2024-04-02,49,29,81.54139,77.5841,64.051155,64.1741
2024-04-03,41,23,76.970474,79.6541,62.205647,61.744102
2024-04-04,39,28,82.59571,84.51411,59.49326,64.3541
2024-04-05,34,24,85.41026,88.3841,66.067566,71.4641
2024-04-06,45,21,82.50906,89.824104,69.30888,77.2241
2024-04-07,37,25,76.10875,78.394104,66.707794,68.1341
2024-04-08,56,23,69.51894,79.7441,64.250626,66.7841
2024-04-09,49,18,80.14689,85.324104,64.849594,71.1941
2024-04-10,54,20,84.16302,85.504105,69.755806,70.5641
2024-04-11,49,14,77.71805,83.974106,64.04917,69.0341
2024-04-12,48,20,79.35266,83.7041,64.0282,69.8441
2024-04-13,44,25,79.854324,85.1441,64.399765,69.5741
2024-04-14,57,25,83.503296,89.4641,62.72589,73.4441
2024-04-15,50,31,70.71711,76.7741,60.126175,65.3441
2024-04-16,32,29,79.81613,82.0841,61.617302,63.814102
2024-04-17,47,22,86.69797,88.114105,62.569077,67.504105
2024-04-18,42,25,87.93843,92.074104,66.92413,71.7341
2024-04-19,48,26,89.829666,94.5941,70.726265,75.3341
2024-04-20,37,31,89.07744,95.6741,71.06057,80.644104
2024-04-21,38,21,87.52395,93.5141,67.33736,74.1641
2024-04-22,56,28,79.95537,87.8441,67.00524,72.004105
2024-04-23,49,26,81.89823,89.9141,61.790535,67.864105
2024-04-24,47,21,87.3422,91.98409,62.788193,69.5741
2024-04-25,48,32,90.64896,92.4341,62.927853,68.5841
2024-04-26,49,27,84.15922,90.5441,69.76325,75.2441
2024-04-27,55,23,85.54341,90.0941,69.42083,73.4441
2024-04-28,34,32,82.0477,85.864105,69.55742,72.7241
2024-04-29,40,30,75.363556,74.5241,66.67502,66.2441
2024-04-30,67,22,82.95629,75.6941,65.44705,63.904102
2024-05-01,44,29,83.42572,84.6941,66.09964,64.4441
2024-05-02,32,28,89.337875,91.6241,72.353806,71.0141
2024-05-03,47,19,90.89044,91.2641,70.06902,75.9641
2024-05-04,47,26,88.801895,91.4441,73.65468,74.0741
2024-05-05,52,21,91.088646,95.224106,77.95458,81.0941
2024-05-06,57,29,90.654915,95.224106,70.728325,74.254105
2024-05-07,57,23,90.26517,92.704094,72.34969,75.2441
2024-05-08,50,22,83.391945,90.0041,67.209404,71.8241
2024-05-09,50,30,89.87283,92.884094,67.439064,72.7241
2024-05-10,56,31,95.82196,99.1841,72.17833,78.4841
2024-05-11,35,26,97.147446,101.704094,76.68966,81.0941
2024-05-12,56,25,96.01404,103.5041,80.57802,86.9441
2024-05-13,43,37,102.84116,101.4341,82.73505,87.2141
2024-05-14,47,24,95.68242,101.974106,78.545135,77.4041
2024-05-15,50,30,101.687386,103.23409,83.76688,88.114105
2024-05-16,37,31,91.7497,97.384094,80.68308,82.0841
2024-05-17,56,31,90.941376,94.4141,76.31975,78.2141
2024-05-18,38,16,92.135445,96.30409,69.49325,74.7941
2024-05-19,48,32,97.4616,100.98409,73.15,78.4841
2024-05-20,62,21,99.800644,102.604095,79.89635,87.8441
2024-05-21,48,22,100.897804,103.5941,82.76281,87.2141
2024-05-22,67,20,96.92781,102.964096,80.094444,86.494095
2024-05-23,51,27,100.189766,103.5041,79.09825,82.6241
2024-05-24,52,24,98.775444,106.204094,81.92739,88.114105
2024-05-25,56,20,102.92532,106.9241,85.761665,90.2741
2024-05-26,42,34,97.632706,102.784096,79.118866,84.0641
2024-05-27,44,23,97.18341,102.5141,75.84374,81.7241
2024-05-28,49,19,103.88702,106.6541,78.870094,83.8841
2024-05-29,40,20,106.994225,108.994095,83.39034,89.4641
2024-05-30,51,17,104.90422,107.6441,83.66756,88.114105
2024-05-31,58,25,97.80961,107.104095,82.59893,87.574104
2024-06-01,47,24,96.86958,104.4041,82.51915,86.0441
2024-06-02,47,15,105.25861,107.464096,80.06123,85.1441
2024-06-03,41,32,104.20123,108.3641,80.02536,85.9541
2024-06-04,49,28,104.106804,107.73409,78.923065,86.0441
2024-06-05,57,32,104.59166,109.08409,83.82549,90.0041
2024-06-06,50,24,102.15531,110.1641,86.874794,93.1541
2024-06-07,43,26,104.04338,110.074104,84.27514,89.6441
2024-06-08,48,18,102.4377,106.6541,80.291695,85.6841
2024-06-09,46,22,103.70517,107.73409,84.35497,91.08409
2024-06-10,53,26,105.33812,108.454094,85.034584,89.6441
2024-06-11,52,24,103.32579,108.0041,86.49849,90.724106
2024-06-12,39,22,108.84375,108.5441,84.06741,86.5841
2024-06-13,51,21,100.88305,106.204094,81.83233,86.0441
2024-06-14,60,28,98.767654,105.3941,79.02201,84.9641
2024-06-15,46,23,102.630264,106.204094,80.436745,85.9541
2024-06-16,37,30,99.876335,105.3941,83.64157,88.2041
2024-06-17,46,27,100.9186,106.0241,80.09955,85.504105
2024-06-18,50,25,105.730736,108.454094,80.42952,86.494095
2024-06-19,35,18,102.047066,109.2641,86.051285,92.074104
2024-06-20,40,26,99.58424,109.534096,85.98407,93.0641
2024-06-21,55,34,101.96779,110.074104,87.362595,92.1641
2024-06-22,51,18,102.34297,109.80409,81.60425,88.0241
2024-06-23,48,25,109.35704,110.974106,84.047325,90.2741
2024-06-24,52,38,110.14888,110.974106,85.452995,90.1841
2024-06-25,44,25,105.04592,107.104095,85.38305,90.3641
2024-06-26,50,25,104.546104,107.9141,87.53294,91.8941
2024-06-27,46,20,104.13896,106.5641,84.49304,90.0941
2024-06-28,47,21,106.55469,107.104095,84.89897,89.6441
2024-06-29,56,19,106.72487,108.0941,85.032364,91.08409
2024-06-30,44,22,107.133316,109.08409,80.65263,87.0341
2024-07-01,46,18,101.43793,106.204094,80.35489,87.1241
2024-07-02,43,26,104.86445,105.3941,81.54993,88.0241
2024-07-03,38,29,100.384415,103.954094,82.35266,86.5841
2024-07-04,47,19,99.0818,105.034096,80.81084,86.5841
2024-07-05,41,19,96.50996,103.5941,83.069756,89.5541
2024-07-06,56,23,98.31377,104.7641,81.90989,88.9241
2024-07-07,50,24,103.65941,106.83409,82.74452,88.3841
2024-07-08,42,35,104.76909,107.73409,81.6534,86.1341
2024-07-09,49,23,102.08752,108.9041,85.74121,88.9241
2024-07-10,42,19,105.09772,109.6241,88.604,92.074104
2024-07-11,45,34,108.45231,112.7741,85.00882,89.824104
2024-07-12,50,25,106.12445,111.1541,87.83598,93.33409
2024-07-13,58,19,103.412254,107.9141,87.113686,91.354095
2024-07-14,45,23,104.539474,106.204094,85.3675,88.8341
2024-07-15,48,28,102.31858,106.384094,85.70014,88.0241
2024-07-16,41,39,102.55514,107.1941,83.84927,88.0241
2024-07-17,36,27,105.0516,107.55409,83.56557,88.0241
2024-07-18,41,28,104.86853,109.714096,84.25213,89.3741
2024-07-19,51,25,108.5421,111.1541,85.72841,90.2741
2024-07-20,42,24,109.33029,112.05409,86.62595,91.534096
2024-07-21,39,24,109.38316,111.0641,87.93274,91.4441
2024-07-22,40,30,107.03921,107.73409,87.27775,91.4441
2024-07-23,58,32,100.52325,106.5641,86.67501,91.4441
2024-07-24,44,19,100.11427,105.1241,84.752594,90.0941
2024-07-25,40,16,100.36183,105.30409,82.607574,86.8541
2024-07-26,41,17,105.2415,106.6541,86.635056,92.4341
2024-07-27,34,14,99.7109,105.30409,84.12183,89.1941
2024-07-28,48,28,97.5413,104.494095,85.78982,90.1841
2024-07-29,52,26,98.44339,105.48409,84.43265,89.3741
2024-07-30,62,20,102.28154,107.464096,84.39639,88.744095
2024-07-31,52,34,100.00328,107.284096,85.56023,91.2641
2024-08-01,52,22,99.17469,106.744095,86.17992,90.994095
2024-08-02,48,31,101.92423,105.574104,86.25519,90.1841
2024-08-03,51,19,104.7407,105.7541,86.68249,90.454094
2024-08-04,55,22,95.80517,103.23409,84.133606,88.2041
2024-08-05,42,16,98.57564,104.4041,80.022514,85.6841
2024-08-06,47,25,95.874664,104.134094,83.92975,89.824104
2024-08-07,46,26,100.336464,107.73409,84.851295,89.4641
2024-08-08,38,25,100.8394,107.464096,86.48009,90.994095
2024-08-09,56,33,101.9573,106.6541,84.867744,88.744095
2024-08-10,67,22,105.117424,107.55409,83.37721,87.2141
2024-08-11,43,21,104.77826,107.55409,86.1462,89.7341
2024-08-12,49,21,103.992,108.5441,84.981705,88.474106
2024-08-13,50,25,104.83238,107.824104,89.6093,91.354095
2024-08-14,46,17,106.99376,108.634094,87.95149,89.3741
2024-08-15,61,23,107.14815,110.3441,84.104095,87.574104
2024-08-16,36,34,106.05439,109.534096,88.412506,92.5241
2024-08-17,44,21,105.08075,110.2541,86.86177,90.994095
2024-08-18,57,24,103.37328,108.0941,87.997734,91.1741
2024-08-19,45,16,103.30613,107.73409,91.5747,91.4441
2024-08-20,41,24,100.56814,104.3141,90.16176,88.744095
2024-08-21,34,28,102.91961,104.224106,91.17726,87.3941
2024-08-22,49,30,105.62956,106.0241,90.47115,88.474106
2024-08-23,67,26,106.18786,107.824104,87.55469,89.1041
2024-08-24,44,19,103.9089,106.6541,86.13712,90.2741
2024-08-25,59,29,106.0974,107.464096,92.018394,93.784096
2024-08-26,47,28,104.43598,108.1841,90.651375,90.8141
2024-08-27,63,22,102.429306,107.73409,88.102066,91.98409
2024-08-28,44,27,99.53692,106.204094,85.67909,91.6241
2024-08-29,50,18,96.967064,104.224106,84.70201,89.824104
2024-08-30,44,16,97.518814,102.4241,82.62758,86.6741
2024-08-31,45,20,98.07156,102.0641,81.75126,86.0441
2024-09-01,55,18,96.61582,102.4241,80.89789,84.51411
2024-09-02,54,32,96.35776,101.704094,83.08133,86.6741
2024-09-03,48,13,97.02532,100.534096,81.302,85.864105
2024-09-04,51,26,97.56565,101.884094,78.71467,83.7041
2024-09-05,53,21,98.13878,101.6141,79.74548,84.244095
2024-09-06,47,29,101.79014,104.0441,80.24715,84.4241
2024-09-07,47,22,101.15431,103.05409,84.80956,88.2041
2024-09-08,47,23,99.14675,102.5141,82.00163,83.7941
2024-09-09,58,22,101.60811,105.3941,79.01813,83.1641
2024-09-10,57,27,100.12123,106.0241,81.64235,86.224106
2024-09-11,50,27,97.74503,105.30409,86.38497,89.6441
2024-09-12,44,23,104.232895,104.6741,80.57719,84.7841
2024-09-13,41,19,97.532,101.4341,83.37129,86.3141
2024-09-14,33,26,102.78123,102.8741,81.69954,84.7841
2024-09-15,45,29,101.08913,104.3141,80.28363,84.6041
2024-09-16,38,23,101.07048,102.8741,81.339645,85.1441
2024-09-17,44,24,102.256195,101.3441,79.782036,81.5441
2024-09-18,57,23,96.69935,98.104095,78.74832,80.8241
2024-09-19,48,22,94.84654,97.5641,79.46336,82.5341
2024-09-20,48,25,96.55139,100.80409,81.874245,84.8741
2024-09-21,50,17,99.26111,100.534096,81.49855,85.1441
2024-09-22,52,28,96.5111,98.3741,80.162865,81.4541
2024-09-23,43,25,96.95779,98.6441,73.91843,79.5641
2024-09-24,54,29,93.42208,98.824104,76.89617,81.6341
2024-09-25,44,20,93.3918,98.1941,76.53325,80.2841
